seed,ns,k,m,nx,ny,ndof,hx,hy,h,rtol,restart,gmres_maxiter,iters,gmres_info,t_direct_s,t_gmres_s,direct_vs_gmres_err
0,8,16,32,33,65,2145,0.03125,0.03125,0.03125,1e-12,20,20000,1097,0,0.005265951156616211,0.10072493553161621,1.330474719353508e-11
0,8,16,48,49,97,4753,0.020833333333333332,0.020833333333333332,0.020833333333333332,1e-12,20,20000,1897,0,0.013618946075439453,0.2521798610687256,1.1042947076000949e-11
0,8,16,64,65,129,8385,0.015625,0.015625,0.015625,1e-12,20,20000,2706,0,0.030331850051879883,0.5178589820861816,1.4923295984953945e-11
0,8,16,80,81,161,13041,0.0125,0.0125,0.0125,1e-12,20,20000,3285,0,0.054529666900634766,0.8835830688476562,3.532779445512131e-11
0,8,16,96,97,193,18721,0.010416666666666666,0.010416666666666666,0.010416666666666666,1e-12,20,20000,4699,0,0.08257389068603516,1.6671972274780273,2.2276173213832115e-11
0,8,16,112,113,225,25425,0.008928571428571428,0.008928571428571428,0.008928571428571428,1e-12,20,20000,6238,0,0.11667799949645996,2.9637739658355713,2.0480925539559345e-11
0,8,16,128,129,257,33153,0.0078125,0.0078125,0.0078125,1e-12,20,20000,8489,0,0.17283916473388672,5.275506973266602,1.610380838212613e-11
